-- Demo seed data for DGM Library
-- Run this after all migrations are applied.

BEGIN;

-- Branches and shelves
INSERT INTO branches (id, code, name, address)
VALUES
  ('00000000-0000-4000-8000-000000001001', 'HCM-01', 'Ho Chi Minh Main Branch', '12 Nguyen Hue, District 1'),
  ('00000000-0000-4000-8000-000000001002', 'HN-01', 'Ha Noi Central Branch', '45 Trang Tien, Hoan Kiem')
ON CONFLICT DO NOTHING;

INSERT INTO shelf_locations (id, branch_id, code, label)
VALUES
  ('00000000-0000-4000-8000-000000001101', '00000000-0000-4000-8000-000000001001', 'A1', 'General Reference A1'),
  ('00000000-0000-4000-8000-000000001102', '00000000-0000-4000-8000-000000001001', 'B1', 'Programming B1'),
  ('00000000-0000-4000-8000-000000001103', '00000000-0000-4000-8000-000000001002', 'C1', 'General Reference C1')
ON CONFLICT DO NOTHING;

-- Readers, cards, and staff accounts
INSERT INTO readers (
  id, full_name, date_of_birth, email, phone, identity_number, address, status
)
VALUES
  ('00000000-0000-4000-8000-000000002001', 'Nguyen An', '1995-03-12', 'an.nguyen@example.com', '0903000001', '079195000001', 'District 1, Ho Chi Minh City', 'ACTIVE'),
  ('00000000-0000-4000-8000-000000002002', 'Tran Binh', '1992-11-20', 'binh.tran@example.com', '0903000002', '079192000002', 'Ba Dinh, Ha Noi', 'ACTIVE')
ON CONFLICT DO NOTHING;

INSERT INTO library_cards (
  id, reader_id, card_number, status, issued_at, expires_at, lock_reason
)
VALUES
  ('00000000-0000-4000-8000-000000003001', '00000000-0000-4000-8000-000000002001', 'CARD-0001', 'ACTIVE', now() - interval '30 days', now() + interval '335 days', NULL),
  ('00000000-0000-4000-8000-000000003002', '00000000-0000-4000-8000-000000002002', 'CARD-0002', 'ACTIVE', now() - interval '15 days', now() + interval '350 days', NULL)
ON CONFLICT DO NOTHING;

INSERT INTO user_accounts (
  id, reader_id, username, password_hash, role, is_active, failed_login_attempts, locked_until, last_login_at, password_changed_at
)
VALUES
  ('00000000-0000-4000-8000-000000004001', NULL, 'admin', '$2a$12$oXyUOZB74B.ld/TF3g7e8.rKXdi4q65oA6oBOug.AZtRiz/bsyiPi', 'admin', true, 0, NULL, NULL, now()),
  ('00000000-0000-4000-8000-000000004002', NULL, 'staff', '$2a$12$oXyUOZB74B.ld/TF3g7e8.rKXdi4q65oA6oBOug.AZtRiz/bsyiPi', 'staff', true, 0, NULL, NULL, now()),
  ('00000000-0000-4000-8000-000000004003', '00000000-0000-4000-8000-000000002001', 'reader.an', '$2a$12$oXyUOZB74B.ld/TF3g7e8.rKXdi4q65oA6oBOug.AZtRiz/bsyiPi', 'reader', true, 0, NULL, NULL, now())
ON CONFLICT DO NOTHING;

-- Catalog
INSERT INTO book_titles (
  id, title, isbn, authors, subjects, publisher, version
)
VALUES
  ('00000000-0000-4000-8000-000000005001', 'Clean Code', '9780132350884', 'Robert C. Martin', 'Software Engineering,Clean Code', 'Prentice Hall', 1),
  ('00000000-0000-4000-8000-000000005002', 'The Pragmatic Programmer', '9780201616224', 'Andrew Hunt,David Thomas', 'Software Engineering,Best Practices', 'Addison-Wesley', 1),
  ('00000000-0000-4000-8000-000000005003', 'Refactoring', '9780134757599', 'Martin Fowler', 'Software Engineering,Refactoring', 'Addison-Wesley', 1),
  ('00000000-0000-4000-8000-000000005004', 'Clean Architecture', '9780134494166', 'Robert C. Martin', 'Software Architecture,Design Principles', 'Prentice Hall', 1),
  ('00000000-0000-4000-8000-000000005005', 'Designing Data-Intensive Applications', '9781449373320', 'Martin Kleppmann', 'Databases,Distributed Systems', 'O''Reilly Media', 1),
  ('00000000-0000-4000-8000-000000005006', 'Domain-Driven Design', '9780321125217', 'Eric Evans', 'Software Design,Domain Modeling', 'Addison-Wesley', 1),
  ('00000000-0000-4000-8000-000000005007', 'Working Effectively with Legacy Code', '9780131177055', 'Michael C. Feathers', 'Refactoring,Testing', 'Prentice Hall', 1),
  ('00000000-0000-4000-8000-000000005008', 'Head First Design Patterns', '9780596007126', 'Eric Freeman,Bert Bates', 'Design Patterns,Object-Oriented Programming', 'O''Reilly Media', 1),
  ('00000000-0000-4000-8000-000000005009', 'Test-Driven Development', '9780321146533', 'Kent Beck', 'Testing,Software Engineering', 'Addison-Wesley', 1),
  ('00000000-0000-4000-8000-000000005010', 'Patterns of Enterprise Application Architecture', '9780321127426', 'Martin Fowler', 'Enterprise Architecture,Patterns', 'Addison-Wesley', 1)
ON CONFLICT DO NOTHING;

INSERT INTO book_copies (
  id, book_title_id, branch_id, barcode, rfid, shelf_location_id, status, version
)
VALUES
  ('00000000-0000-4000-8000-000000006001', '00000000-0000-4000-8000-000000005001', '00000000-0000-4000-8000-000000001001', 'BC-0001', 'RFID-0001', '00000000-0000-4000-8000-000000001102', 'AVAILABLE', 1),
  ('00000000-0000-4000-8000-000000006002', '00000000-0000-4000-8000-000000005001', '00000000-0000-4000-8000-000000001001', 'BC-0002', 'RFID-0002', '00000000-0000-4000-8000-000000001102', 'ON_LOAN', 1),
  ('00000000-0000-4000-8000-000000006003', '00000000-0000-4000-8000-000000005002', '00000000-0000-4000-8000-000000001002', 'BC-0003', NULL, '00000000-0000-4000-8000-000000001103', 'AVAILABLE', 1),
  ('00000000-0000-4000-8000-000000006004', '00000000-0000-4000-8000-000000005004', '00000000-0000-4000-8000-000000001001', 'BC-0004', 'RFID-0004', '00000000-0000-4000-8000-000000001101', 'AVAILABLE', 1),
  ('00000000-0000-4000-8000-000000006005', '00000000-0000-4000-8000-000000005005', '00000000-0000-4000-8000-000000001001', 'BC-0005', NULL, '00000000-0000-4000-8000-000000001102', 'AVAILABLE', 1),
  ('00000000-0000-4000-8000-000000006006', '00000000-0000-4000-8000-000000005006', '00000000-0000-4000-8000-000000001002', 'BC-0006', 'RFID-0006', '00000000-0000-4000-8000-000000001103', 'AVAILABLE', 1),
  ('00000000-0000-4000-8000-000000006007', '00000000-0000-4000-8000-000000005007', '00000000-0000-4000-8000-000000001002', 'BC-0007', NULL, '00000000-0000-4000-8000-000000001103', 'AVAILABLE', 1),
  ('00000000-0000-4000-8000-000000006008', '00000000-0000-4000-8000-000000005008', '00000000-0000-4000-8000-000000001001', 'BC-0008', 'RFID-0008', '00000000-0000-4000-8000-000000001101', 'ON_HOLD', 1),
  ('00000000-0000-4000-8000-000000006009', '00000000-0000-4000-8000-000000005009', '00000000-0000-4000-8000-000000001002', 'BC-0009', NULL, '00000000-0000-4000-8000-000000001103', 'AVAILABLE', 1),
  ('00000000-0000-4000-8000-000000006010', '00000000-0000-4000-8000-000000005010', '00000000-0000-4000-8000-000000001001', 'BC-0010', 'RFID-0010', '00000000-0000-4000-8000-000000001102', 'AVAILABLE', 1)
ON CONFLICT DO NOTHING;

-- Circulation and reservation data
INSERT INTO loans (
  id, reader_id, card_id, branch_id, staff_id, borrowed_at, status, version
)
VALUES
  ('00000000-0000-4000-8000-000000007001', '00000000-0000-4000-8000-000000002001', '00000000-0000-4000-8000-000000003001', '00000000-0000-4000-8000-000000001001', '00000000-0000-4000-8000-000000004002', now() - interval '2 days', 'OPEN', 1),
  ('00000000-0000-4000-8000-000000007002', '00000000-0000-4000-8000-000000002002', '00000000-0000-4000-8000-000000003002', '00000000-0000-4000-8000-000000001002', '00000000-0000-4000-8000-000000004002', now() - interval '21 days', 'CLOSED', 1)
ON CONFLICT DO NOTHING;

INSERT INTO loan_items (
  id, loan_id, copy_id, book_title_id, due_at, status, returned_at, return_condition, overdue_days, renewal_count, version
)
VALUES
  ('00000000-0000-4000-8000-000000008001', '00000000-0000-4000-8000-000000007001', '00000000-0000-4000-8000-000000006002', '00000000-0000-4000-8000-000000005001', now() + interval '12 days', 'ON_LOAN', NULL, NULL, 0, 0, 1),
  ('00000000-0000-4000-8000-000000008002', '00000000-0000-4000-8000-000000007002', '00000000-0000-4000-8000-000000006003', '00000000-0000-4000-8000-000000005002', now() - interval '4 days', 'RETURNED', now() - interval '3 days', 'NORMAL', 4, 1, 1)
ON CONFLICT DO NOTHING;

INSERT INTO reservations (
  id, reader_id, book_title_id, branch_id, status, copy_id, hold_expires_at, cancel_reason, version
)
VALUES
  ('00000000-0000-4000-8000-000000009001', '00000000-0000-4000-8000-000000002002', '00000000-0000-4000-8000-000000005001', '00000000-0000-4000-8000-000000001001', 'WAITING', NULL, NULL, NULL, 1),
  ('00000000-0000-4000-8000-000000009002', '00000000-0000-4000-8000-000000002001', '00000000-0000-4000-8000-000000005002', '00000000-0000-4000-8000-000000001002', 'ON_HOLD', '00000000-0000-4000-8000-000000006003', now() + interval '2 days', NULL, 1)
ON CONFLICT DO NOTHING;

-- Billing
INSERT INTO payment_transactions (
  id, reader_id, total_amount, method, status, provider_reference, completed_at, version
)
VALUES
  ('00000000-0000-4000-8000-00000000a001', '00000000-0000-4000-8000-000000002002', 50000, 'CASH', 'SUCCEEDED', NULL, now() - interval '1 hour', 1)
ON CONFLICT DO NOTHING;

INSERT INTO fines (
  id, reader_id, loan_id, loan_item_id, reason, amount, status, pending_payment_id, paid_at, version
)
VALUES
  ('00000000-0000-4000-8000-00000000b001', '00000000-0000-4000-8000-000000002002', '00000000-0000-4000-8000-000000007002', '00000000-0000-4000-8000-000000008002', 'OVERDUE', 50000, 'PAID', NULL, now() - interval '1 hour', 1),
  ('00000000-0000-4000-8000-00000000b002', '00000000-0000-4000-8000-000000002001', '00000000-0000-4000-8000-000000007001', '00000000-0000-4000-8000-000000008001', 'OVERDUE', 15000, 'UNPAID', NULL, NULL, 1)
ON CONFLICT DO NOTHING;

INSERT INTO payment_fines (payment_id, fine_id)
VALUES
  ('00000000-0000-4000-8000-00000000a001', '00000000-0000-4000-8000-00000000b001')
ON CONFLICT DO NOTHING;

COMMIT;
